id;code;type;expiration
1;Beauty Pizza optimizing;PUBLIC;2023-02-24T09:15:38
2;withdrawal copy Drive;PUBLIC;2023-02-24T11:13:59
3;connecting PCI;PRIVATE;2023-02-23T22:00:30
4;Iowa bypassing;PUBLIC;2023-02-23T16:18:37
5;users Checking Timor-Leste;PUBLIC;2023-02-23T19:53:28
6;cultivate;PRIVATE;2023-02-23T14:40:36
7;Massachusetts Assistant Gorgeous;PRIVATE;2023-02-24T10:51:37
8;invoice;PRIVATE;2023-02-24T11:40:48
9;archive Rwanda synergies;PUBLIC;2023-02-24T11:08:36
10;Towels bypassing Intranet;PRIVATE;2023-02-24T01:04:47
